/*
Navicat MySQL Data Transfer

Source Server         : localhost_3306
Source Server Version : 50714
Source Host           : localhost:3306
Source Database       : nbamatch

Target Server Type    : MYSQL
Target Server Version : 50714
File Encoding         : 65001

Date: 2017-11-06 00:26:03
*/

SET FOREIGN_KEY_CHECKS=0;

-- ----------------------------
-- Table structure for event
-- ----------------------------
DROP TABLE IF EXISTS `event`;
CREATE TABLE `event` (
  `id` int(11) NOT NULL AUTO_INCREMENT,
  `event_num` int(11) DEFAULT NULL,
  `match_id` int(11) DEFAULT NULL,
  `period` varchar(255) DEFAULT NULL,
  `time` varchar(255) DEFAULT NULL,
  `game_time` varchar(255) DEFAULT NULL,
  `type` varchar(255) DEFAULT NULL,
  `team_id` int(11) DEFAULT NULL,
  `person_id` int(11) DEFAULT NULL,
  `description` varchar(255) DEFAULT NULL,
  `gscore` int(255) DEFAULT NULL,
  `hscore` int(255) DEFAULT NULL,
  PRIMARY KEY (`id`)
) ENGINE=MyISAM AUTO_INCREMENT=1470 DEFAULT CHARSET=utf8;

-- ----------------------------
-- Records of event
-- ----------------------------
INSERT INTO `event` VALUES ('998', '1', '2017103005', '1', '1509318628', '12:00', '0', '5', '0', '克里夫兰骑士 阵容调整 (J.R. 史密斯; 凯文 洛夫; 勒布朗 詹姆斯; 德里克 罗斯; 特里斯坦 汤普森)', '0', '0');
INSERT INTO `event` VALUES ('999', '2', '2017103005', '1', '1509326645', '12:00', '0', '18', '0', '克里斯塔普斯 波尔津吉斯 对阵 特里斯坦 汤普森 (埃内斯 坎特 获得控球权)', '0', '0');
INSERT INTO `event` VALUES ('1000', '3', '2017103005', '1', '1509326645', '11:47', '0', '18', '0', '埃内斯 坎特 失误(3秒违例)', '0', '0');
INSERT INTO `event` VALUES ('1001', '4', '2017103005', '1', '1509326646', '11:37', '0', '5', '4391', '凯文 洛夫 两分球进', '0', '2');
INSERT INTO `event` VALUES ('1002', '5', '2017103005', '1', '1509326646', '11:19', '0', '18', '5464', '克里斯塔普斯 波尔津吉斯 两分球进', '2', '2');
INSERT INTO `event` VALUES ('1003', '6', '2017103005', '1', '1509326646', '11:02', '0', '5', '4391', '凯文 洛夫 两分不中', '2', '2');
INSERT INTO `event` VALUES ('1004', '7', '2017103005', '1', '1509326646', '10:59', '0', '18', '0', '埃内斯 坎特 篮板球', '2', '2');
INSERT INTO `event` VALUES ('1005', '8', '2017103005', '1', '1509326646', '10:55', '0', '18', '4484', '考特尼 李 两分球进', '4', '2');
INSERT INTO `event` VALUES ('1006', '9', '2017103005', '1', '1509326647', '10:34', '0', '5', '4387', '德里克 罗斯 三分不中', '4', '2');
INSERT INTO `event` VALUES ('1007', '10', '2017103005', '1', '1509326647', '10:32', '0', '18', '0', '考特尼 李 篮板球', '4', '2');
INSERT INTO `event` VALUES ('1008', '11', '2017103005', '1', '1509326647', '10:16', '0', '18', '3948', '贾勒特 杰克 三分不中', '4', '2');
INSERT INTO `event` VALUES ('1009', '12', '2017103005', '1', '1509326647', '10:12', '0', '5', '0', '凯文 洛夫 篮板球', '4', '2');
INSERT INTO `event` VALUES ('1010', '13', '2017103005', '1', '1509326647', '10:07', '0', '5', '0', '德里克 罗斯 失误(丢球)', '4', '2');
INSERT INTO `event` VALUES ('1011', '14', '2017103005', '1', '1509326647', '9:59', '0', '18', '5464', '克里斯塔普斯 波尔津吉斯 两分不中', '4', '2');
INSERT INTO `event` VALUES ('1012', '15', '2017103005', '1', '1509326647', '9:56', '0', '5', '0', '勒布朗 詹姆斯 篮板球', '4', '2');
INSERT INTO `event` VALUES ('1013', '16', '2017103005', '1', '1509326648', '9:42', '0', '18', '0', '蒂姆 小哈达威 个人犯规', '4', '2');
INSERT INTO `event` VALUES ('1014', '17', '2017103005', '1', '1509326648', '9:35', '0', '5', '0', '凯文 洛夫 进攻犯规', '4', '2');
INSERT INTO `event` VALUES ('1015', '18', '2017103005', '1', '1509326648', '9:35', '0', '5', '0', '凯文 洛夫 失误(Turnover)', '4', '2');
INSERT INTO `event` VALUES ('1016', '19', '2017103005', '1', '1509326648', '9:23', '0', '18', '0', '贾勒特 杰克 失误(传球失误)', '4', '2');
INSERT INTO `event` VALUES ('1017', '20', '2017103005', '1', '1509326648', '9:11', '0', '18', '0', '贾勒特 杰克投篮犯规', '4', '2');
INSERT INTO `event` VALUES ('1018', '21', '2017103005', '1', '1509326648', '9:11', '0', '5', '0', '德里克 罗斯 罚球命中 2罚中第1罚', '4', '3');
INSERT INTO `event` VALUES ('1019', '22', '2017103005', '1', '1509326648', '9:11', '0', '5', '0', '德里克 罗斯 罚球命中 2罚中第2罚', '4', '4');
INSERT INTO `event` VALUES ('1020', '23', '2017103005', '1', '1509326649', '9:02', '0', '5', '0', 'J.R. 史密斯 个人犯规', '4', '4');
INSERT INTO `event` VALUES ('1021', '24', '2017103005', '1', '1509326649', '8:53', '0', '18', '5464', '克里斯塔普斯 波尔津吉斯 两分球进', '6', '4');
INSERT INTO `event` VALUES ('1022', '25', '2017103005', '1', '1509326649', '8:39', '0', '5', '4391', '凯文 洛夫 三分不中', '6', '4');
INSERT INTO `event` VALUES ('1023', '26', '2017103005', '1', '1509326649', '8:37', '0', '18', '0', '蒂姆 小哈达威 篮板球', '6', '4');
INSERT INTO `event` VALUES ('1024', '27', '2017103005', '1', '1509326649', '8:33', '0', '18', '4899', '埃内斯 坎特 两分球进', '8', '4');
INSERT INTO `event` VALUES ('1025', '28', '2017103005', '1', '1509326650', '8:10', '0', '5', '0', 'J.R. 史密斯 三分球进', '8', '7');
INSERT INTO `event` VALUES ('1026', '29', '2017103005', '1', '1509326650', '7:58', '0', '18', '4899', '埃内斯 坎特 两分球进', '10', '7');
INSERT INTO `event` VALUES ('1027', '30', '2017103005', '1', '1509326650', '7:38', '0', '5', '4391', '凯文 洛夫 三分球进', '10', '10');
INSERT INTO `event` VALUES ('1028', '31', '2017103005', '1', '1509326650', '7:14', '0', '18', '5194', '蒂姆 小哈达威 两分不中', '10', '10');
INSERT INTO `event` VALUES ('1029', '32', '2017103005', '1', '1509326651', '7:10', '0', '5', '0', '凯文 洛夫 篮板球', '10', '10');
INSERT INTO `event` VALUES ('1030', '33', '2017103005', '1', '1509326651', '7:04', '0', '5', '4391', '凯文 洛夫 三分球进', '10', '13');
INSERT INTO `event` VALUES ('1031', '34', '2017103005', '1', '1509326651', '6:57', '0', '18', '0', '纽约尼克斯 暂停', '10', '13');
INSERT INTO `event` VALUES ('1032', '35', '2017103005', '1', '1509326651', '6:51', '0', '18', '5194', '蒂姆 小哈达威 三分不中', '10', '13');
INSERT INTO `event` VALUES ('1033', '36', '2017103005', '1', '1509326651', '6:47', '0', '5', '0', '勒布朗 詹姆斯 篮板球', '10', '13');
INSERT INTO `event` VALUES ('1034', '37', '2017103005', '1', '1509326651', '6:37', '0', '5', '4391', '凯文 洛夫 两分不中', '10', '13');
INSERT INTO `event` VALUES ('1035', '38', '2017103005', '1', '1509326652', '6:35', '0', '18', '0', '埃内斯 坎特 篮板球', '10', '13');
INSERT INTO `event` VALUES ('1036', '39', '2017103005', '1', '1509326652', '6:23', '0', '18', '4899', '埃内斯 坎特 两分不中', '10', '13');
INSERT INTO `event` VALUES ('1037', '40', '2017103005', '1', '1509326652', '6:23', '0', '18', '0', '纽约尼克斯 篮板球', '10', '13');
INSERT INTO `event` VALUES ('1038', '41', '2017103005', '1', '1509326652', '6:23', '0', '0', '0', 'Stoppage (Out of bounds)', '10', '13');
INSERT INTO `event` VALUES ('1039', '42', '2017103005', '1', '1509326652', '6:21', '0', '18', '4484', '考特尼 李 两分不中', '10', '13');
INSERT INTO `event` VALUES ('1040', '43', '2017103005', '1', '1509326652', '6:18', '0', '5', '0', '凯文 洛夫 篮板球', '10', '13');
INSERT INTO `event` VALUES ('1041', '44', '2017103005', '1', '1509326652', '6:14', '0', '5', '0', '勒布朗 詹姆斯 失误(传球失误)', '10', '13');
INSERT INTO `event` VALUES ('1042', '45', '2017103005', '1', '1509326652', '6:02', '0', '18', '4484', '考特尼 李 三分球进', '13', '13');
INSERT INTO `event` VALUES ('1043', '46', '2017103005', '1', '1509326653', '5:47', '0', '5', '3704', '勒布朗 詹姆斯 两分不中', '13', '13');
INSERT INTO `event` VALUES ('1044', '47', '2017103005', '1', '1509326653', '5:43', '0', '18', '0', '贾勒特 杰克 篮板球', '13', '13');
INSERT INTO `event` VALUES ('1045', '48', '2017103005', '1', '1509326653', '5:39', '0', '18', '4484', '考特尼 李 三分不中', '13', '13');
INSERT INTO `event` VALUES ('1046', '49', '2017103005', '1', '1509326653', '5:39', '0', '18', '0', '蒂姆 小哈达威 篮板球', '13', '13');
INSERT INTO `event` VALUES ('1047', '50', '2017103005', '1', '1509326653', '5:33', '0', '18', '5194', '蒂姆 小哈达威 两分球进', '15', '13');
INSERT INTO `event` VALUES ('1048', '51', '2017103005', '1', '1509326653', '5:22', '0', '5', '0', '德里克 罗斯 失误(丢球)', '15', '13');
INSERT INTO `event` VALUES ('1049', '52', '2017103005', '1', '1509326653', '5:19', '0', '18', '5194', '蒂姆 小哈达威 两分球进', '17', '13');
INSERT INTO `event` VALUES ('1050', '53', '2017103005', '1', '1509326654', '5:19', '0', '5', '0', '克里夫兰骑士 暂停', '17', '13');
INSERT INTO `event` VALUES ('1051', '54', '2017103005', '1', '1509320270', '5:19', '0', '5', '0', '克里夫兰骑士 阵容调整 (J.R. 史密斯; 杰夫 格林; 凯文 洛夫; 德里克 罗斯; 特里斯坦 汤普森)', '17', '13');
INSERT INTO `event` VALUES ('1052', '55', '2017103005', '1', '1509326654', '5:04', '0', '5', '0', 'J.R. 史密斯 三分不中', '17', '13');
INSERT INTO `event` VALUES ('1053', '56', '2017103005', '1', '1509326654', '5:01', '0', '5', '0', '凯文 洛夫 篮板球', '17', '13');
INSERT INTO `event` VALUES ('1054', '57', '2017103005', '1', '1509326654', '5:00', '0', '0', '0', 'Stoppage (Other)', '17', '13');
INSERT INTO `event` VALUES ('1055', '58', '2017103005', '1', '1509326654', '4:55', '0', '5', '4387', '德里克 罗斯 两分不中', '17', '13');
INSERT INTO `event` VALUES ('1056', '59', '2017103005', '1', '1509326654', '4:52', '0', '5', '0', '德里克 罗斯 篮板球', '17', '13');
INSERT INTO `event` VALUES ('1057', '60', '2017103005', '1', '1509326654', '4:49', '0', '5', '4391', '凯文 洛夫 三分不中', '17', '13');
INSERT INTO `event` VALUES ('1058', '61', '2017103005', '1', '1509326654', '4:49', '0', '18', '0', '克里斯塔普斯 波尔津吉斯 篮板球', '17', '13');
INSERT INTO `event` VALUES ('1059', '62', '2017103005', '1', '1509326654', '4:26', '0', '18', '5464', '克里斯塔普斯 波尔津吉斯 两分球进', '19', '13');
INSERT INTO `event` VALUES ('1060', '63', '2017103005', '1', '1509326654', '4:14', '0', '5', '0', 'J.R. 史密斯 三分不中', '19', '13');
INSERT INTO `event` VALUES ('1061', '64', '2017103005', '1', '1509326655', '4:12', '0', '18', '0', '考特尼 李 篮板球', '19', '13');
INSERT INTO `event` VALUES ('1062', '65', '2017103005', '1', '1509326655', '4:08', '0', '18', '5194', '蒂姆 小哈达威 三分不中', '19', '13');
INSERT INTO `event` VALUES ('1063', '66', '2017103005', '1', '1509326655', '4:03', '0', '18', '0', '蒂姆 小哈达威 篮板球', '19', '13');
INSERT INTO `event` VALUES ('1064', '67', '2017103005', '1', '1509326655', '4:03', '0', '18', '5194', '蒂姆 小哈达威 三分球进', '22', '13');
INSERT INTO `event` VALUES ('1065', '68', '2017103005', '1', '1509326655', '3:50', '0', '5', '4387', '德里克 罗斯 两分球进', '22', '15');
INSERT INTO `event` VALUES ('1066', '69', '2017103005', '1', '1509326655', '3:49', '0', '5', '0', '克里夫兰骑士 阻碍比赛技术犯规', '22', '15');
INSERT INTO `event` VALUES ('1067', '70', '2017103005', '1', '1509326655', '3:36', '0', '18', '5464', '克里斯塔普斯 波尔津吉斯 两分球进', '24', '15');
INSERT INTO `event` VALUES ('1068', '71', '2017103005', '1', '1509319705', '3:24', '0', '18', '0', '纽约尼克斯 阵容调整 (蒂姆 小哈达威; 埃内斯 坎特; 弗兰克 恩特力基纳; 道格 麦克德莫特; 克里斯塔普斯 波尔津吉斯)', '24', '15');
INSERT INTO `event` VALUES ('1069', '72', '2017103005', '1', '1509319705', '3:24', '0', '5', '0', '克里夫兰骑士 阵容调整 (杰夫 格林; 凯文 洛夫; 德维恩 韦德; 特里斯坦 汤普森; 凯尔 科沃尔)', '24', '15');
INSERT INTO `event` VALUES ('1070', '73', '2017103005', '1', '1509326655', '3:24', '0', '0', '0', 'Stoppage (Out of bounds)', '24', '15');
INSERT INTO `event` VALUES ('1071', '74', '2017103005', '1', '1509326655', '3:17', '0', '5', '4391', '凯文 洛夫 三分不中', '24', '15');
INSERT INTO `event` VALUES ('1072', '75', '2017103005', '1', '1509326655', '3:14', '0', '18', '0', '埃内斯 坎特 篮板球', '24', '15');
INSERT INTO `event` VALUES ('1073', '76', '2017103005', '1', '1509326656', '3:12', '0', '18', '5464', '克里斯塔普斯 波尔津吉斯 两分不中', '24', '15');
INSERT INTO `event` VALUES ('1074', '77', '2017103005', '1', '1509326656', '3:12', '0', '18', '0', '纽约尼克斯 篮板球', '24', '15');
INSERT INTO `event` VALUES ('1075', '78', '2017103005', '1', '1509326656', '3:09', '0', '18', '5464', '克里斯塔普斯 波尔津吉斯 三分不中', '24', '15');
INSERT INTO `event` VALUES ('1076', '79', '2017103005', '1', '1509326656', '3:06', '0', '5', '0', '杰夫 格林 篮板球', '24', '15');
INSERT INTO `event` VALUES ('1077', '80', '2017103005', '1', '1509326656', '2:50', '0', '5', '3744', '杰夫 格林 两分球进', '24', '17');
INSERT INTO `event` VALUES ('1078', '81', '2017103005', '1', '1509326656', '2:50', '0', '18', '0', '埃内斯 坎特投篮犯规', '24', '17');
INSERT INTO `event` VALUES ('1079', '82', '2017103005', '1', '1509319823', '2:50', '0', '5', '0', '克里夫兰骑士 阵容调整 (杰 克洛德; 杰夫 格林; 凯文 洛夫; 德维恩 韦德; 凯尔 科沃尔)', '24', '17');
INSERT INTO `event` VALUES ('1080', '83', '2017103005', '1', '1509326656', '2:50', '0', '5', '0', '杰夫 格林 罚球不中 1罚中第1罚', '24', '17');
INSERT INTO `event` VALUES ('1081', '84', '2017103005', '1', '1509326656', '2:48', '0', '18', '0', '克里斯塔普斯 波尔津吉斯 篮板球', '24', '17');
INSERT INTO `event` VALUES ('1082', '85', '2017103005', '1', '1509326656', '2:34', '0', '18', '4899', '埃内斯 坎特 两分不中', '24', '17');
INSERT INTO `event` VALUES ('1083', '86', '2017103005', '1', '1509326656', '2:31', '0', '5', '0', '杰 克洛德 篮板球', '24', '17');
INSERT INTO `event` VALUES ('1084', '87', '2017103005', '1', '1509326657', '2:19', '0', '5', '3744', '杰夫 格林 两分不中', '24', '17');
INSERT INTO `event` VALUES ('1085', '88', '2017103005', '1', '1509326657', '2:16', '0', '5', '0', '凯文 洛夫 篮板球', '24', '17');
INSERT INTO `event` VALUES ('1086', '89', '2017103005', '1', '1509326657', '2:11', '0', '0', '0', 'Stoppage (Out of bounds)', '24', '17');
INSERT INTO `event` VALUES ('1087', '90', '2017103005', '1', '1509319877', '2:11', '0', '18', '0', '纽约尼克斯 阵容调整 (兰斯 托马斯; 蒂姆 小哈达威; 弗兰克 恩特力基纳; 道格 麦克德莫特; 克里斯塔普斯 波尔津吉斯)', '24', '17');
INSERT INTO `event` VALUES ('1088', '91', '2017103005', '1', '1509319877', '2:11', '0', '5', '0', '克里夫兰骑士 阵容调整 (杰 克洛德; 杰夫 格林; 勒布朗 詹姆斯; 德维恩 韦德; 凯尔 科沃尔)', '24', '17');
INSERT INTO `event` VALUES ('1089', '92', '2017103005', '1', '1509326657', '2:02', '0', '5', '3754', '凯尔 科沃尔 两分不中', '24', '17');
INSERT INTO `event` VALUES ('1090', '93', '2017103005', '1', '1509326657', '1:59', '0', '18', '0', '道格 麦克德莫特 篮板球', '24', '17');
INSERT INTO `event` VALUES ('1091', '94', '2017103005', '1', '1509326657', '1:54', '0', '18', '5194', '蒂姆 小哈达威 三分球进', '27', '17');
INSERT INTO `event` VALUES ('1092', '95', '2017103005', '1', '1509326657', '1:37', '0', '5', '3708', '德维恩 韦德 两分不中', '27', '17');
INSERT INTO `event` VALUES ('1093', '96', '2017103005', '1', '1509326657', '1:34', '0', '18', '0', '兰斯 托马斯 篮板球', '27', '17');
INSERT INTO `event` VALUES ('1094', '97', '2017103005', '1', '1509326657', '1:19', '0', '18', '5464', '克里斯塔普斯 波尔津吉斯 两分不中', '27', '17');
INSERT INTO `event` VALUES ('1095', '98', '2017103005', '1', '1509326657', '1:15', '0', '5', '0', '杰 克洛德 篮板球', '27', '17');
INSERT INTO `event` VALUES ('1096', '99', '2017103005', '1', '1509326657', '1:11', '0', '5', '3704', '勒布朗 詹姆斯 两分球进', '27', '19');
INSERT INTO `event` VALUES ('1097', '100', '2017103005', '1', '1509326658', '00:48', '0', '18', '5464', '克里斯塔普斯 波尔津吉斯 两分球进', '29', '19');
INSERT INTO `event` VALUES ('1098', '101', '2017103005', '1', '1509326658', '00:37', '0', '5', '0', '凯尔 科沃尔 进攻犯规', '29', '19');
INSERT INTO `event` VALUES ('1099', '102', '2017103005', '1', '1509326658', '00:37', '0', '5', '0', '凯尔 科沃尔 失误(Turnover)', '29', '19');
INSERT INTO `event` VALUES ('1100', '103', '2017103005', '1', '1509326658', '00:20', '0', '0', '0', 'Stoppage (Out of bounds)', '29', '19');
INSERT INTO `event` VALUES ('1101', '104', '2017103005', '1', '1509326658', '00:15', '0', '18', '5464', '克里斯塔普斯 波尔津吉斯 两分不中', '29', '19');
INSERT INTO `event` VALUES ('1102', '105', '2017103005', '1', '1509326658', '00:12', '0', '18', '0', '兰斯 托马斯 篮板球', '29', '19');
INSERT INTO `event` VALUES ('1103', '106', '2017103005', '1', '1509326658', '00:04', '0', '5', '0', '杰夫 格林 个人犯规', '29', '19');
INSERT INTO `event` VALUES ('1104', '107', '2017103005', '1', '1509326658', '00:01', '0', '18', '5194', '蒂姆 小哈达威 三分不中', '29', '19');
INSERT INTO `event` VALUES ('1105', '108', '2017103005', '1', '1509326658', '00:01', '0', '5', '0', '勒布朗 詹姆斯 篮板球', '29', '19');
INSERT INTO `event` VALUES ('1106', '109', '2017103005', '1', '1509326658', '00:00', '0', '0', '0', '1结束', '29', '19');
INSERT INTO `event` VALUES ('1107', '110', '2017103005', '2', '1509320273', '12:00', '0', '18', '0', '纽约尼克斯 阵容调整 (兰斯 托马斯; 考特尼 李; 埃内斯 坎特; 弗兰克 恩特力基纳; 道格 麦克德莫特)', '29', '19');
INSERT INTO `event` VALUES ('1108', '111', '2017103005', '2', '1509326659', '11:45', '0', '5', '3704', '勒布朗 詹姆斯 两分球进', '29', '21');
INSERT INTO `event` VALUES ('1109', '112', '2017103005', '2', '1509326659', '11:31', '0', '18', '0', '弗兰克 恩特力基纳 两分不中', '29', '21');
INSERT INTO `event` VALUES ('1110', '113', '2017103005', '2', '1509326659', '11:31', '0', '5', '0', '德维恩 韦德 篮板球', '29', '21');
INSERT INTO `event` VALUES ('1111', '114', '2017103005', '2', '1509326659', '11:22', '0', '5', '5068', '杰 克洛德 三分球进', '29', '24');
INSERT INTO `event` VALUES ('1112', '115', '2017103005', '2', '1509326659', '10:58', '0', '18', '0', '弗兰克 恩特力基纳 两分球进', '31', '24');
INSERT INTO `event` VALUES ('1113', '116', '2017103005', '2', '1509326659', '10:47', '0', '5', '3744', '杰夫 格林 两分不中', '31', '24');
INSERT INTO `event` VALUES ('1114', '117', '2017103005', '2', '1509326659', '10:44', '0', '18', '0', '弗兰克 恩特力基纳 篮板球', '31', '24');
INSERT INTO `event` VALUES ('1115', '118', '2017103005', '2', '1509326659', '10:39', '0', '18', '5322', '道格 麦克德莫特 三分球进', '34', '24');
INSERT INTO `event` VALUES ('1116', '119', '2017103005', '2', '1509326660', '10:16', '0', '5', '3708', '德维恩 韦德 两分球进', '34', '26');
INSERT INTO `event` VALUES ('1117', '120', '2017103005', '2', '1509326660', '10:04', '0', '5', '0', '凯尔 科沃尔 个人犯规', '34', '26');
INSERT INTO `event` VALUES ('1118', '121', '2017103005', '2', '1509326660', '10:01', '0', '0', '0', 'Stoppage (Out of bounds)', '34', '26');
INSERT INTO `event` VALUES ('1119', '122', '2017103005', '2', '1509326660', '9:49', '0', '18', '0', '道格 麦克德莫特 失误(传球失误)', '34', '26');
INSERT INTO `event` VALUES ('1120', '123', '2017103005', '2', '1509326660', '9:43', '0', '5', '3704', '勒布朗 詹姆斯 两分球进', '34', '28');
INSERT INTO `event` VALUES ('1121', '124', '2017103005', '2', '1509326660', '9:43', '0', '18', '0', '弗兰克 恩特力基纳投篮犯规', '34', '28');
INSERT INTO `event` VALUES ('1122', '125', '2017103005', '2', '1509326660', '9:43', '0', '5', '0', '勒布朗 詹姆斯 罚球命中 1罚中第1罚', '34', '29');
INSERT INTO `event` VALUES ('1123', '126', '2017103005', '2', '1509326660', '9:33', '0', '5', '0', '杰夫 格林 个人犯规', '34', '29');
INSERT INTO `event` VALUES ('1124', '127', '2017103005', '2', '1509326660', '9:23', '0', '0', '0', 'Stoppage (Out of bounds)', '34', '29');
INSERT INTO `event` VALUES ('1125', '128', '2017103005', '2', '1509326661', '9:19', '0', '18', '4484', '考特尼 李 两分不中', '34', '29');
INSERT INTO `event` VALUES ('1126', '129', '2017103005', '2', '1509326661', '9:16', '0', '18', '0', '弗兰克 恩特力基纳 篮板球', '34', '29');
INSERT INTO `event` VALUES ('1127', '130', '2017103005', '2', '1509326661', '9:12', '0', '18', '4899', '埃内斯 坎特 两分球进', '36', '29');
INSERT INTO `event` VALUES ('1128', '131', '2017103005', '2', '1509326661', '8:58', '0', '5', '3708', '德维恩 韦德 两分球进', '36', '31');
INSERT INTO `event` VALUES ('1129', '132', '2017103005', '2', '1509326661', '8:44', '0', '18', '0', '埃内斯 坎特 失误(走步违例)', '36', '31');
INSERT INTO `event` VALUES ('1130', '133', '2017103005', '2', '1509320593', '8:44', '0', '18', '0', '纽约尼克斯 阵容调整 (兰斯 托马斯; 考特尼 李; 埃内斯 坎特; 道格 麦克德莫特; 贾勒特 杰克)', '36', '31');
INSERT INTO `event` VALUES ('1131', '134', '2017103005', '2', '1509320593', '8:44', '0', '5', '0', '克里夫兰骑士 阵容调整 (杰 克洛德; 勒布朗 詹姆斯; 德里克 罗斯; 德维恩 韦德; 凯尔 科沃尔)', '36', '31');
INSERT INTO `event` VALUES ('1132', '135', '2017103005', '2', '1509326661', '8:36', '0', '5', '4387', '德里克 罗斯 两分不中', '36', '31');
INSERT INTO `event` VALUES ('1133', '136', '2017103005', '2', '1509326661', '8:33', '0', '18', '0', '埃内斯 坎特 篮板球', '36', '31');
INSERT INTO `event` VALUES ('1134', '137', '2017103005', '2', '1509326661', '8:19', '0', '18', '3948', '贾勒特 杰克 三分不中', '36', '31');
INSERT INTO `event` VALUES ('1135', '138', '2017103005', '2', '1509326661', '8:18', '0', '18', '0', '埃内斯 坎特 篮板球', '36', '31');
INSERT INTO `event` VALUES ('1136', '139', '2017103005', '2', '1509326661', '8:18', '0', '5', '0', '杰 克洛德投篮犯规', '36', '31');
INSERT INTO `event` VALUES ('1137', '140', '2017103005', '2', '1509326661', '8:18', '0', '18', '0', '埃内斯 坎特 罚球不中 2罚中第1罚', '36', '31');
INSERT INTO `event` VALUES ('1138', '141', '2017103005', '2', '1509326662', '8:18', '0', '18', '0', '纽约尼克斯 篮板球', '36', '31');
INSERT INTO `event` VALUES ('1139', '142', '2017103005', '2', '1509326662', '8:18', '0', '18', '0', '埃内斯 坎特 罚球命中 2罚中第2罚', '37', '31');
INSERT INTO `event` VALUES ('1140', '143', '2017103005', '2', '1509326662', '8:04', '0', '5', '3708', '德维恩 韦德 两分球进', '37', '33');
INSERT INTO `event` VALUES ('1141', '144', '2017103005', '2', '1509326662', '7:56', '0', '18', '3948', '贾勒特 杰克 两分不中', '37', '33');
INSERT INTO `event` VALUES ('1142', '145', '2017103005', '2', '1509326662', '7:53', '0', '5', '0', '勒布朗 詹姆斯 篮板球', '37', '33');
INSERT INTO `event` VALUES ('1143', '146', '2017103005', '2', '1509326662', '7:51', '0', '18', '0', '考特尼 李 个人犯规', '37', '33');
INSERT INTO `event` VALUES ('1144', '147', '2017103005', '2', '1509322586', '7:51', '0', '18', '0', '纽约尼克斯 阵容调整 (考特尼 李; 蒂姆 小哈达威; 埃内斯 坎特; 道格 麦克德莫特; 贾勒特 杰克)', '37', '33');
INSERT INTO `event` VALUES ('1145', '148', '2017103005', '2', '1509326662', '7:45', '0', '5', '3754', '凯尔 科沃尔 两分球进', '37', '35');
INSERT INTO `event` VALUES ('1146', '149', '2017103005', '2', '1509326662', '7:30', '0', '5', '0', '德维恩 韦德 个人犯规', '37', '35');
INSERT INTO `event` VALUES ('1147', '150', '2017103005', '2', '1509326662', '7:21', '0', '18', '3948', '贾勒特 杰克 两分不中', '37', '35');
INSERT INTO `event` VALUES ('1148', '151', '2017103005', '2', '1509326663', '7:17', '0', '18', '0', '埃内斯 坎特 篮板球', '37', '35');
INSERT INTO `event` VALUES ('1149', '152', '2017103005', '2', '1509326663', '7:14', '0', '18', '5194', '蒂姆 小哈达威 三分球进', '40', '35');
INSERT INTO `event` VALUES ('1150', '153', '2017103005', '2', '1509326663', '6:57', '0', '5', '0', '德维恩 韦德 失误(传球失误)', '40', '35');
INSERT INTO `event` VALUES ('1151', '154', '2017103005', '2', '1509326663', '6:54', '0', '18', '4484', '考特尼 李 两分球进', '42', '35');
INSERT INTO `event` VALUES ('1152', '155', '2017103005', '2', '1509326663', '6:54', '0', '5', '0', '克里夫兰骑士 暂停', '42', '35');
INSERT INTO `event` VALUES ('1153', '156', '2017103005', '2', '1509320996', '6:54', '0', '18', '0', '纽约尼克斯 阵容调整 (考特尼 李; 蒂姆 小哈达威; 埃内斯 坎特; 贾勒特 杰克; 克里斯塔普斯 波尔津吉斯)', '42', '35');
INSERT INTO `event` VALUES ('1154', '157', '2017103005', '2', '1509320996', '6:54', '0', '5', '0', '克里夫兰骑士 阵容调整 (杰 克洛德; 凯文 洛夫; 勒布朗 詹姆斯; 德里克 罗斯; 凯尔 科沃尔)', '42', '35');
INSERT INTO `event` VALUES ('1155', '158', '2017103005', '2', '1509326663', '6:46', '0', '18', '0', '考特尼 李 个人犯规', '42', '35');
INSERT INTO `event` VALUES ('1156', '159', '2017103005', '2', '1509326664', '6:36', '0', '5', '4387', '德里克 罗斯 两分球进', '42', '37');
INSERT INTO `event` VALUES ('1157', '160', '2017103005', '2', '1509326664', '6:24', '0', '5', '0', '凯尔 科沃尔 个人犯规', '42', '37');
INSERT INTO `event` VALUES ('1158', '161', '2017103005', '2', '1509326664', '6:24', '0', '18', '0', '蒂姆 小哈达威 罚球命中 2罚中第1罚', '43', '37');
INSERT INTO `event` VALUES ('1159', '162', '2017103005', '2', '1509321090', '6:24', '0', '5', '0', '克里夫兰骑士 阵容调整 (J.R. 史密斯; 杰 克洛德; 凯文 洛夫; 勒布朗 詹姆斯; 德里克 罗斯)', '43', '37');
INSERT INTO `event` VALUES ('1160', '163', '2017103005', '2', '1509326664', '6:24', '0', '18', '0', '蒂姆 小哈达威 罚球命中 2罚中第2罚', '44', '37');
INSERT INTO `event` VALUES ('1161', '164', '2017103005', '2', '1509326664', '6:16', '0', '18', '0', '贾勒特 杰克 个人犯规', '44', '37');
INSERT INTO `event` VALUES ('1162', '165', '2017103005', '2', '1509326664', '6:11', '0', '5', '3704', '勒布朗 詹姆斯 两分球进', '44', '39');
INSERT INTO `event` VALUES ('1163', '166', '2017103005', '2', '1509326664', '5:50', '0', '18', '5464', '克里斯塔普斯 波尔津吉斯 两分不中', '44', '39');
INSERT INTO `event` VALUES ('1164', '167', '2017103005', '2', '1509326664', '5:46', '0', '5', '0', '德里克 罗斯 篮板球', '44', '39');
INSERT INTO `event` VALUES ('1165', '168', '2017103005', '2', '1509326665', '5:40', '0', '5', '4391', '凯文 洛夫 两分不中', '44', '39');
INSERT INTO `event` VALUES ('1166', '169', '2017103005', '2', '1509326665', '5:37', '0', '18', '0', '埃内斯 坎特 篮板球', '44', '39');
INSERT INTO `event` VALUES ('1167', '170', '2017103005', '2', '1509326665', '5:33', '0', '18', '4484', '考特尼 李 三分不中', '44', '39');
INSERT INTO `event` VALUES ('1168', '171', '2017103005', '2', '1509326665', '5:33', '0', '18', '0', '埃内斯 坎特 篮板球', '44', '39');
INSERT INTO `event` VALUES ('1169', '172', '2017103005', '2', '1509326665', '5:23', '0', '18', '5194', '蒂姆 小哈达威 两分球进', '46', '39');
INSERT INTO `event` VALUES ('1170', '173', '2017103005', '2', '1509326665', '5:07', '0', '5', '5068', '杰 克洛德 两分不中', '46', '39');
INSERT INTO `event` VALUES ('1171', '174', '2017103005', '2', '1509326665', '5:07', '0', '5', '0', '克里夫兰骑士 篮板球', '46', '39');
INSERT INTO `event` VALUES ('1172', '175', '2017103005', '2', '1509321221', '5:07', '0', '5', '0', '克里夫兰骑士 阵容调整 (J.R. 史密斯; 凯文 洛夫; 德里克 罗斯; 德维恩 韦德; 特里斯坦 汤普森)', '46', '39');
INSERT INTO `event` VALUES ('1173', '176', '2017103005', '2', '1509326665', '5:04', '0', '5', '0', 'J.R. 史密斯 三分球进', '46', '42');
INSERT INTO `event` VALUES ('1174', '177', '2017103005', '2', '1509326666', '4:42', '0', '5', '0', '特里斯坦 汤普森投篮犯规', '46', '42');
INSERT INTO `event` VALUES ('1175', '178', '2017103005', '2', '1509326666', '4:42', '0', '18', '0', '克里斯塔普斯 波尔津吉斯 罚球命中 2罚中第1罚', '47', '42');
INSERT INTO `event` VALUES ('1176', '179', '2017103005', '2', '1509326666', '4:42', '0', '18', '0', '克里斯塔普斯 波尔津吉斯 罚球不中 2罚中第2罚', '47', '42');
INSERT INTO `event` VALUES ('1177', '180', '2017103005', '2', '1509326666', '4:41', '0', '5', '0', '克里夫兰骑士 篮板球', '47', '42');
INSERT INTO `event` VALUES ('1178', '181', '2017103005', '2', '1509326666', '4:33', '0', '5', '4391', '凯文 洛夫 两分不中', '47', '42');
INSERT INTO `event` VALUES ('1179', '182', '2017103005', '2', '1509326666', '4:30', '0', '18', '0', '克里斯塔普斯 波尔津吉斯 篮板球', '47', '42');
INSERT INTO `event` VALUES ('1180', '183', '2017103005', '2', '1509326667', '4:25', '0', '5', '0', '德里克 罗斯投篮犯规', '47', '42');
INSERT INTO `event` VALUES ('1181', '184', '2017103005', '2', '1509326667', '4:25', '0', '18', '0', '克里斯塔普斯 波尔津吉斯 罚球命中 2罚中第1罚', '48', '42');
INSERT INTO `event` VALUES ('1182', '185', '2017103005', '2', '1509326667', '4:25', '0', '18', '0', '克里斯塔普斯 波尔津吉斯 罚球命中 2罚中第2罚', '49', '42');
INSERT INTO `event` VALUES ('1183', '186', '2017103005', '2', '1509326667', '4:17', '0', '5', '4387', '德里克 罗斯 两分球进', '49', '44');
INSERT INTO `event` VALUES ('1184', '187', '2017103005', '2', '1509326667', '4:17', '0', '18', '0', '埃内斯 坎特投篮犯规', '49', '44');
INSERT INTO `event` VALUES ('1185', '188', '2017103005', '2', '1509326667', '4:17', '0', '5', '0', '德里克 罗斯 罚球命中 1罚中第1罚', '49', '45');
INSERT INTO `event` VALUES ('1186', '189', '2017103005', '2', '1509326667', '4:01', '0', '18', '4899', '埃内斯 坎特 两分不中', '49', '45');
INSERT INTO `event` VALUES ('1187', '190', '2017103005', '2', '1509326668', '3:55', '0', '5', '0', 'J.R. 史密斯 篮板球', '49', '45');
INSERT INTO `event` VALUES ('1188', '191', '2017103005', '2', '1509326668', '3:49', '0', '5', '0', 'J.R. 史密斯 两分球进', '49', '47');
INSERT INTO `event` VALUES ('1189', '192', '2017103005', '2', '1509326668', '3:35', '0', '18', '4899', '埃内斯 坎特 两分不中', '49', '47');
INSERT INTO `event` VALUES ('1190', '193', '2017103005', '2', '1509326668', '3:35', '0', '18', '0', '纽约尼克斯 篮板球', '49', '47');
INSERT INTO `event` VALUES ('1191', '194', '2017103005', '2', '1509326668', '3:35', '0', '0', '0', 'Stoppage (Out of bounds)', '49', '47');
INSERT INTO `event` VALUES ('1192', '195', '2017103005', '2', '1509322573', '3:35', '0', '18', '0', '纽约尼克斯 阵容调整 (考特尼 李; 蒂姆 小哈达威; 凯尔 奥奎因; 贾勒特 杰克; 克里斯塔普斯 波尔津吉斯)', '49', '47');
INSERT INTO `event` VALUES ('1193', '196', '2017103005', '2', '1509326668', '3:32', '0', '18', '5464', '克里斯塔普斯 波尔津吉斯 三分不中', '49', '47');
INSERT INTO `event` VALUES ('1194', '197', '2017103005', '2', '1509326668', '3:29', '0', '5', '0', '德维恩 韦德 篮板球', '49', '47');
INSERT INTO `event` VALUES ('1195', '198', '2017103005', '2', '1509326668', '3:27', '0', '5', '4391', '凯文 洛夫 两分球进', '49', '49');
INSERT INTO `event` VALUES ('1196', '199', '2017103005', '2', '1509326668', '3:27', '0', '18', '0', '纽约尼克斯 暂停', '49', '49');
INSERT INTO `event` VALUES ('1197', '200', '2017103005', '2', '1509326668', '3:11', '0', '18', '5194', '蒂姆 小哈达威 三分球进', '52', '49');
INSERT INTO `event` VALUES ('1198', '201', '2017103005', '2', '1509326668', '2:45', '0', '5', '0', 'J.R. 史密斯 三分不中', '52', '49');
INSERT INTO `event` VALUES ('1199', '202', '2017103005', '2', '1509326668', '2:42', '0', '18', '0', '考特尼 李 篮板球', '52', '49');
INSERT INTO `event` VALUES ('1200', '203', '2017103005', '2', '1509326669', '2:39', '0', '18', '5464', '克里斯塔普斯 波尔津吉斯 两分球进', '54', '49');
INSERT INTO `event` VALUES ('1201', '204', '2017103005', '2', '1509326669', '2:24', '0', '5', '4387', '德里克 罗斯 两分不中', '54', '49');
INSERT INTO `event` VALUES ('1202', '205', '2017103005', '2', '1509326669', '2:24', '0', '18', '0', '克里斯塔普斯 波尔津吉斯 篮板球', '54', '49');
INSERT INTO `event` VALUES ('1203', '206', '2017103005', '2', '1509326669', '2:23', '0', '18', '0', '克里斯塔普斯 波尔津吉斯 失误(Out of Bounds)', '54', '49');
INSERT INTO `event` VALUES ('1204', '207', '2017103005', '2', '1509326669', '2:14', '0', '5', '0', '德维恩 韦德 失误(走步违例)', '54', '49');
INSERT INTO `event` VALUES ('1205', '208', '2017103005', '2', '1509326669', '1:58', '0', '18', '5194', '蒂姆 小哈达威 两分球进', '56', '49');
INSERT INTO `event` VALUES ('1206', '209', '2017103005', '2', '1509326669', '1:43', '0', '18', '0', '凯尔 奥奎因 个人犯规', '56', '49');
INSERT INTO `event` VALUES ('1207', '210', '2017103005', '2', '1509326670', '1:43', '0', '5', '0', '凯文 洛夫 罚球命中 2罚中第1罚', '56', '50');
INSERT INTO `event` VALUES ('1208', '211', '2017103005', '2', '1509321847', '1:43', '0', '18', '0', '纽约尼克斯 阵容调整 (兰斯 托马斯; 蒂姆 小哈达威; 凯尔 奥奎因; 贾勒特 杰克; 克里斯塔普斯 波尔津吉斯)', '56', '50');
INSERT INTO `event` VALUES ('1209', '212', '2017103005', '2', '1509321847', '1:43', '0', '5', '0', '克里夫兰骑士 阵容调整 (J.R. 史密斯; 凯文 洛夫; 勒布朗 詹姆斯; 德里克 罗斯; 德维恩 韦德)', '56', '50');
INSERT INTO `event` VALUES ('1210', '213', '2017103005', '2', '1509326670', '1:43', '0', '5', '0', '凯文 洛夫 罚球命中 2罚中第2罚', '56', '51');
INSERT INTO `event` VALUES ('1211', '214', '2017103005', '2', '1509326670', '1:32', '0', '0', '0', 'Stoppage (Out of bounds)', '56', '51');
INSERT INTO `event` VALUES ('1212', '215', '2017103005', '2', '1509326670', '1:22', '0', '18', '5194', '蒂姆 小哈达威 两分球进', '58', '51');
INSERT INTO `event` VALUES ('1213', '216', '2017103005', '2', '1509326670', '1:08', '0', '18', '0', '蒂姆 小哈达威 个人犯规', '58', '51');
INSERT INTO `event` VALUES ('1214', '217', '2017103005', '2', '1509326670', '1:08', '0', '5', '0', 'J.R. 史密斯 罚球不中 2罚中第1罚', '58', '51');
INSERT INTO `event` VALUES ('1215', '218', '2017103005', '2', '1509326670', '1:08', '0', '5', '0', '克里夫兰骑士 篮板球', '58', '51');
INSERT INTO `event` VALUES ('1216', '219', '2017103005', '2', '1509326670', '1:08', '0', '5', '0', 'J.R. 史密斯 罚球命中 2罚中第2罚', '58', '52');
INSERT INTO `event` VALUES ('1217', '220', '2017103005', '2', '1509326671', '00:56', '0', '18', '5464', '克里斯塔普斯 波尔津吉斯 两分球进', '60', '52');
INSERT INTO `event` VALUES ('1218', '221', '2017103005', '2', '1509326671', '00:38', '0', '5', '3708', '德维恩 韦德 两分不中', '60', '52');
INSERT INTO `event` VALUES ('1219', '222', '2017103005', '2', '1509326671', '00:38', '0', '5', '0', '凯文 洛夫 篮板球', '60', '52');
INSERT INTO `event` VALUES ('1220', '223', '2017103005', '2', '1509326671', '00:38', '0', '18', '0', '凯尔 奥奎因投篮犯规', '60', '52');
INSERT INTO `event` VALUES ('1221', '224', '2017103005', '2', '1509326671', '00:38', '0', '5', '0', '凯文 洛夫 罚球命中 2罚中第1罚', '60', '53');
INSERT INTO `event` VALUES ('1222', '225', '2017103005', '2', '1509322044', '00:38', '0', '18', '0', '纽约尼克斯 阵容调整 (兰斯 托马斯; 道格 麦克德莫特; 凯尔 奥奎因; 贾勒特 杰克; 克里斯塔普斯 波尔津吉斯)', '60', '53');
INSERT INTO `event` VALUES ('1223', '226', '2017103005', '2', '1509326671', '00:38', '0', '5', '0', '凯文 洛夫 罚球命中 2罚中第2罚', '60', '54');
INSERT INTO `event` VALUES ('1224', '227', '2017103005', '2', '1509326671', '00:22', '0', '18', '3948', '贾勒特 杰克 两分球进', '62', '54');
INSERT INTO `event` VALUES ('1225', '228', '2017103005', '2', '1509326671', '00:02', '0', '5', '3704', '勒布朗 詹姆斯 三分不中', '62', '54');
INSERT INTO `event` VALUES ('1226', '229', '2017103005', '2', '1509326672', '00:02', '0', '18', '0', '克里斯塔普斯 波尔津吉斯 篮板球', '62', '54');
INSERT INTO `event` VALUES ('1227', '230', '2017103005', '2', '1509326672', '00:00', '0', '0', '0', '2结束', '62', '54');
INSERT INTO `event` VALUES ('1228', '231', '2017103005', '3', '1509322993', '12:00', '0', '18', '0', '纽约尼克斯 阵容调整 (考特尼 李; 蒂姆 小哈达威; 埃内斯 坎特; 贾勒特 杰克; 克里斯塔普斯 波尔津吉斯)', '62', '54');
INSERT INTO `event` VALUES ('1229', '232', '2017103005', '3', '1509322993', '12:00', '0', '5', '0', '克里夫兰骑士 阵容调整 (J.R. 史密斯; 凯文 洛夫; 勒布朗 詹姆斯; 德里克 罗斯; 特里斯坦 汤普森)', '62', '54');
INSERT INTO `event` VALUES ('1230', '233', '2017103005', '3', '1509326672', '11:51', '0', '5', '4391', '凯文 洛夫 三分球进', '62', '57');
INSERT INTO `event` VALUES ('1231', '234', '2017103005', '3', '1509326672', '11:36', '0', '18', '4484', '考特尼 李 三分不中', '62', '57');
INSERT INTO `event` VALUES ('1232', '235', '2017103005', '3', '1509326672', '11:25', '0', '18', '5464', '克里斯塔普斯 波尔津吉斯 两分不中', '62', '57');
INSERT INTO `event` VALUES ('1233', '236', '2017103005', '3', '1509326871', '11:24', '0', '18', '0', '克里斯塔普斯 波尔津吉斯 篮板球', '62', '57');
INSERT INTO `event` VALUES ('1234', '237', '2017103005', '3', '1509326672', '11:21', '0', '18', '4899', '埃内斯 坎特 两分球进', '64', '57');
INSERT INTO `event` VALUES ('1235', '238', '2017103005', '3', '1509326672', '11:21', '0', '18', '0', '埃内斯 坎特 篮板球', '64', '57');
INSERT INTO `event` VALUES ('1236', '239', '2017103005', '3', '1509326672', '11:20', '0', '18', '0', '考特尼 李 个人犯规', '64', '57');
INSERT INTO `event` VALUES ('1237', '240', '2017103005', '3', '1509326673', '11:10', '0', '5', '4391', '凯文 洛夫 三分不中', '64', '57');
INSERT INTO `event` VALUES ('1238', '241', '2017103005', '3', '1509326673', '11:06', '0', '18', '0', '考特尼 李 篮板球', '64', '57');
INSERT INTO `event` VALUES ('1239', '242', '2017103005', '3', '1509326673', '10:53', '0', '18', '5464', '克里斯塔普斯 波尔津吉斯 两分球进', '66', '57');
INSERT INTO `event` VALUES ('1240', '243', '2017103005', '3', '1509326673', '10:34', '0', '5', '4884', '特里斯坦 汤普森 两分不中', '66', '57');
INSERT INTO `event` VALUES ('1241', '244', '2017103005', '3', '1509326673', '10:31', '0', '18', '0', '埃内斯 坎特 篮板球', '66', '57');
INSERT INTO `event` VALUES ('1242', '245', '2017103005', '3', '1509326673', '10:27', '0', '18', '0', '克里斯塔普斯 波尔津吉斯 失误(Turnover)', '66', '57');
INSERT INTO `event` VALUES ('1243', '246', '2017103005', '3', '1509326673', '10:27', '0', '18', '0', '克里斯塔普斯 波尔津吉斯 进攻犯规', '66', '57');
INSERT INTO `event` VALUES ('1244', '247', '2017103005', '3', '1509326673', '10:15', '0', '5', '4387', '德里克 罗斯 两分不中', '66', '57');
INSERT INTO `event` VALUES ('1245', '248', '2017103005', '3', '1509326673', '10:13', '0', '18', '0', '克里斯塔普斯 波尔津吉斯 篮板球', '66', '57');
INSERT INTO `event` VALUES ('1246', '249', '2017103005', '3', '1509326674', '10:01', '0', '18', '5464', '克里斯塔普斯 波尔津吉斯 两分球进', '68', '57');
INSERT INTO `event` VALUES ('1247', '250', '2017103005', '3', '1509326674', '10:01', '0', '5', '0', '凯文 洛夫投篮犯规', '68', '57');
INSERT INTO `event` VALUES ('1248', '251', '2017103005', '3', '1509326674', '10:01', '0', '18', '0', '克里斯塔普斯 波尔津吉斯 罚球命中 1罚中第1罚', '69', '57');
INSERT INTO `event` VALUES ('1249', '252', '2017103005', '3', '1509326674', '9:51', '0', '5', '3704', '勒布朗 詹姆斯 三分球进', '69', '60');
INSERT INTO `event` VALUES ('1250', '253', '2017103005', '3', '1509326674', '9:27', '0', '18', '4899', '埃内斯 坎特 两分不中', '69', '60');
INSERT INTO `event` VALUES ('1251', '254', '2017103005', '3', '1509326674', '9:25', '0', '5', '0', '勒布朗 詹姆斯 篮板球', '69', '60');
INSERT INTO `event` VALUES ('1252', '255', '2017103005', '3', '1509326674', '9:21', '0', '5', '3704', '勒布朗 詹姆斯 三分不中', '69', '60');
INSERT INTO `event` VALUES ('1253', '256', '2017103005', '3', '1509326674', '9:18', '0', '18', '0', '克里斯塔普斯 波尔津吉斯 篮板球', '69', '60');
INSERT INTO `event` VALUES ('1254', '257', '2017103005', '3', '1509326675', '9:12', '0', '18', '4899', '埃内斯 坎特 两分球进', '71', '60');
INSERT INTO `event` VALUES ('1255', '258', '2017103005', '3', '1509326675', '8:56', '0', '5', '4391', '凯文 洛夫 两分不中', '71', '60');
INSERT INTO `event` VALUES ('1256', '259', '2017103005', '3', '1509326675', '8:56', '0', '18', '0', '克里斯塔普斯 波尔津吉斯 篮板球', '71', '60');
INSERT INTO `event` VALUES ('1257', '260', '2017103005', '3', '1509326675', '8:48', '0', '18', '3948', '贾勒特 杰克 两分不中', '71', '60');
INSERT INTO `event` VALUES ('1258', '261', '2017103005', '3', '1509326675', '8:45', '0', '5', '0', '德里克 罗斯 篮板球', '71', '60');
INSERT INTO `event` VALUES ('1259', '262', '2017103005', '3', '1509326675', '8:41', '0', '5', '4387', '德里克 罗斯 两分球进', '71', '62');
INSERT INTO `event` VALUES ('1260', '263', '2017103005', '3', '1509326675', '8:41', '0', '18', '0', 'Kristaps Porzingis defensive goaltending violation', '71', '62');
INSERT INTO `event` VALUES ('1261', '264', '2017103005', '3', '1509326675', '8:27', '0', '18', '5464', '克里斯塔普斯 波尔津吉斯 三分不中', '71', '62');
INSERT INTO `event` VALUES ('1262', '265', '2017103005', '3', '1509326675', '8:24', '0', '5', '0', 'J.R. 史密斯 篮板球', '71', '62');
INSERT INTO `event` VALUES ('1263', '266', '2017103005', '3', '1509326675', '8:19', '0', '18', '0', '克里斯塔普斯 波尔津吉斯投篮犯规', '71', '62');
INSERT INTO `event` VALUES ('1264', '267', '2017103005', '3', '1509326675', '8:19', '0', '5', '0', '克里夫兰骑士 篮板球', '71', '62');
INSERT INTO `event` VALUES ('1265', '268', '2017103005', '3', '1509326675', '8:19', '0', '5', '0', '特里斯坦 汤普森 罚球不中 2罚中第1罚', '71', '62');
INSERT INTO `event` VALUES ('1266', '269', '2017103005', '3', '1509326675', '8:19', '0', '5', '0', '特里斯坦 汤普森 罚球命中 2罚中第2罚', '71', '63');
INSERT INTO `event` VALUES ('1267', '270', '2017103005', '3', '1509326676', '8:00', '0', '5', '0', '特里斯坦 汤普森投篮犯规', '71', '63');
INSERT INTO `event` VALUES ('1268', '271', '2017103005', '3', '1509326676', '8:00', '0', '18', '0', '埃内斯 坎特 罚球命中 2罚中第1罚', '72', '63');
INSERT INTO `event` VALUES ('1269', '272', '2017103005', '3', '1509326676', '8:00', '0', '18', '0', '埃内斯 坎特 罚球不中 2罚中第2罚', '72', '63');
INSERT INTO `event` VALUES ('1270', '273', '2017103005', '3', '1509326676', '7:57', '0', '5', '0', 'J.R. 史密斯 篮板球', '72', '63');
INSERT INTO `event` VALUES ('1271', '274', '2017103005', '3', '1509326676', '7:39', '0', '5', '0', '勒布朗 詹姆斯 失误(Out of Bounds)', '72', '63');
INSERT INTO `event` VALUES ('1272', '275', '2017103005', '3', '1509326676', '7:26', '0', '18', '0', '埃内斯 坎特 失误(Turnover)', '72', '63');
INSERT INTO `event` VALUES ('1273', '276', '2017103005', '3', '1509326676', '7:26', '0', '18', '0', '埃内斯 坎特 进攻犯规', '72', '63');
INSERT INTO `event` VALUES ('1274', '277', '2017103005', '3', '1509326676', '7:11', '0', '5', '3704', '勒布朗 詹姆斯 三分不中', '72', '63');
INSERT INTO `event` VALUES ('1275', '278', '2017103005', '3', '1509326676', '7:11', '0', '18', '0', '纽约尼克斯 篮板球', '72', '63');
INSERT INTO `event` VALUES ('1276', '279', '2017103005', '3', '1509326677', '7:11', '0', '5', '0', '凯文 洛夫 个人犯规', '72', '63');
INSERT INTO `event` VALUES ('1277', '280', '2017103005', '3', '1509326677', '7:02', '0', '5', '0', '勒布朗 詹姆斯 个人犯规', '72', '63');
INSERT INTO `event` VALUES ('1278', '281', '2017103005', '3', '1509326677', '6:51', '0', '18', '4899', '埃内斯 坎特 两分不中', '72', '63');
INSERT INTO `event` VALUES ('1279', '282', '2017103005', '3', '1509326677', '6:48', '0', '5', '0', '勒布朗 詹姆斯 篮板球', '72', '63');
INSERT INTO `event` VALUES ('1280', '283', '2017103005', '3', '1509326677', '6:39', '0', '5', '4391', '凯文 洛夫 三分不中', '72', '63');
INSERT INTO `event` VALUES ('1281', '284', '2017103005', '3', '1509326677', '6:36', '0', '18', '0', '蒂姆 小哈达威 篮板球', '72', '63');
INSERT INTO `event` VALUES ('1282', '285', '2017103005', '3', '1509326677', '6:30', '0', '18', '5464', '克里斯塔普斯 波尔津吉斯 两分球进', '74', '63');
INSERT INTO `event` VALUES ('1283', '286', '2017103005', '3', '1509326677', '6:16', '0', '5', '4387', '德里克 罗斯 两分球进', '74', '65');
INSERT INTO `event` VALUES ('1284', '287', '2017103005', '3', '1509326677', '6:06', '0', '18', '0', '蒂姆 小哈达威 失误(传球失误)', '74', '65');
INSERT INTO `event` VALUES ('1285', '288', '2017103005', '3', '1509326678', '6:02', '0', '5', '3704', '勒布朗 詹姆斯 两分不中', '74', '65');
INSERT INTO `event` VALUES ('1286', '289', '2017103005', '3', '1509326678', '6:01', '0', '5', '0', '勒布朗 詹姆斯 篮板球', '74', '65');
INSERT INTO `event` VALUES ('1287', '290', '2017103005', '3', '1509326678', '5:59', '0', '5', '3704', '勒布朗 詹姆斯 两分不中', '74', '65');
INSERT INTO `event` VALUES ('1288', '291', '2017103005', '3', '1509326678', '5:58', '0', '18', '0', '克里斯塔普斯 波尔津吉斯 篮板球', '74', '65');
INSERT INTO `event` VALUES ('1289', '292', '2017103005', '3', '1509326678', '5:53', '0', '18', '0', '贾勒特 杰克 失误(传球失误)', '74', '65');
INSERT INTO `event` VALUES ('1290', '293', '2017103005', '3', '1509326678', '5:45', '0', '5', '3704', '勒布朗 詹姆斯 两分球进', '74', '67');
INSERT INTO `event` VALUES ('1291', '294', '2017103005', '3', '1509326678', '5:29', '0', '5', '0', '特里斯坦 汤普森 个人犯规', '74', '67');
INSERT INTO `event` VALUES ('1292', '295', '2017103005', '3', '1509326678', '5:29', '0', '5', '0', '克里夫兰骑士 暂停', '74', '67');
INSERT INTO `event` VALUES ('1293', '296', '2017103005', '3', '1509323873', '5:29', '0', '18', '0', '纽约尼克斯 阵容调整 (考特尼 李; 蒂姆 小哈达威; 埃内斯 坎特; 弗兰克 恩特力基纳; 克里斯塔普斯 波尔津吉斯)', '74', '67');
INSERT INTO `event` VALUES ('1294', '297', '2017103005', '3', '1509323873', '5:29', '0', '5', '0', '克里夫兰骑士 阵容调整 (J.R. 史密斯; 杰夫 格林; 凯文 洛夫; 德里克 罗斯; 特里斯坦 汤普森)', '74', '67');
INSERT INTO `event` VALUES ('1295', '298', '2017103005', '3', '1509326678', '5:29', '0', '18', '0', '埃内斯 坎特 罚球命中 2罚中第1罚', '75', '67');
INSERT INTO `event` VALUES ('1296', '299', '2017103005', '3', '1509323931', '5:29', '0', '18', '0', '纽约尼克斯 阵容调整 (蒂姆 小哈达威; 埃内斯 坎特; 弗兰克 恩特力基纳; 道格 麦克德莫特; 克里斯塔普斯 波尔津吉斯)', '75', '67');
INSERT INTO `event` VALUES ('1297', '300', '2017103005', '3', '1509326679', '5:29', '0', '18', '0', '埃内斯 坎特 罚球命中 2罚中第2罚', '76', '67');
INSERT INTO `event` VALUES ('1298', '301', '2017103005', '3', '1509326679', '5:15', '0', '0', '0', 'Stoppage (Out of bounds)', '76', '67');
INSERT INTO `event` VALUES ('1299', '302', '2017103005', '3', '1509323962', '5:15', '0', '18', '0', '纽约尼克斯 阵容调整 (蒂姆 小哈达威; 弗兰克 恩特力基纳; 道格 麦克德莫特; 凯尔 奥奎因; 克里斯塔普斯 波尔津吉斯)', '76', '67');
INSERT INTO `event` VALUES ('1300', '303', '2017103005', '3', '1509323961', '5:15', '0', '5', '0', '克里夫兰骑士 阵容调整 (J.R. 史密斯; 杰夫 格林; 凯文 洛夫; 德维恩 韦德; 特里斯坦 汤普森)', '76', '67');
INSERT INTO `event` VALUES ('1301', '304', '2017103005', '3', '1509326679', '5:13', '0', '5', '0', '特里斯坦 汤普森 进攻犯规', '76', '67');
INSERT INTO `event` VALUES ('1302', '305', '2017103005', '3', '1509326679', '5:13', '0', '5', '0', '特里斯坦 汤普森 失误(Turnover)', '76', '67');
INSERT INTO `event` VALUES ('1303', '306', '2017103005', '3', '1509324029', '4:56', '0', '5', '0', '克里夫兰骑士 阵容调整 (J.R. 史密斯; 杰夫 格林; 凯文 洛夫; 勒布朗 詹姆斯; 德维恩 韦德)', '76', '67');
INSERT INTO `event` VALUES ('1304', '307', '2017103005', '3', '1509326679', '4:56', '0', '5', '0', '杰夫 格林投篮犯规', '76', '67');
INSERT INTO `event` VALUES ('1305', '308', '2017103005', '3', '1509326679', '4:56', '0', '18', '0', '蒂姆 小哈达威 罚球命中 2罚中第1罚', '77', '67');
INSERT INTO `event` VALUES ('1306', '309', '2017103005', '3', '1509324064', '4:56', '0', '18', '0', '纽约尼克斯 阵容调整 (考特尼 李; 蒂姆 小哈达威; 弗兰克 恩特力基纳; 凯尔 奥奎因; 克里斯塔普斯 波尔津吉斯)', '77', '67');
INSERT INTO `event` VALUES ('1307', '310', '2017103005', '3', '1509326679', '4:56', '0', '18', '0', '蒂姆 小哈达威 罚球命中 2罚中第2罚', '78', '67');
INSERT INTO `event` VALUES ('1308', '311', '2017103005', '3', '1509326679', '4:43', '0', '5', '3744', '杰夫 格林 两分不中', '78', '67');
INSERT INTO `event` VALUES ('1309', '312', '2017103005', '3', '1509326679', '4:38', '0', '18', '0', '凯尔 奥奎因 篮板球', '78', '67');
INSERT INTO `event` VALUES ('1310', '313', '2017103005', '3', '1509326680', '4:35', '0', '18', '5194', '蒂姆 小哈达威 三分球进', '81', '67');
INSERT INTO `event` VALUES ('1311', '314', '2017103005', '3', '1509326680', '4:26', '0', '18', '0', '弗兰克 恩特力基纳 个人犯规', '81', '67');
INSERT INTO `event` VALUES ('1312', '315', '2017103005', '3', '1509324141', '4:16', '0', '5', '0', '克里夫兰骑士 阵容调整 (J.R. 史密斯; 杰 克洛德; 杰夫 格林; 勒布朗 詹姆斯; 德维恩 韦德)', '81', '67');
INSERT INTO `event` VALUES ('1313', '316', '2017103005', '3', '1509326680', '4:16', '0', '5', '3704', '勒布朗 詹姆斯 两分不中', '81', '67');
INSERT INTO `event` VALUES ('1314', '317', '2017103005', '3', '1509326680', '4:13', '0', '18', '0', '克里斯塔普斯 波尔津吉斯 篮板球', '81', '67');
INSERT INTO `event` VALUES ('1315', '318', '2017103005', '3', '1509326680', '4:04', '0', '18', '4484', '考特尼 李 三分球进', '84', '67');
INSERT INTO `event` VALUES ('1316', '319', '2017103005', '3', '1509326680', '3:48', '0', '18', '0', '弗兰克 恩特力基纳投篮犯规', '84', '67');
INSERT INTO `event` VALUES ('1317', '320', '2017103005', '3', '1509326680', '3:48', '0', '5', '0', 'J.R. 史密斯 罚球命中 2罚中第1罚', '84', '68');
INSERT INTO `event` VALUES ('1318', '321', '2017103005', '3', '1509324215', '3:48', '0', '18', '0', '纽约尼克斯 阵容调整 (兰斯 托马斯; 考特尼 李; 蒂姆 小哈达威; 弗兰克 恩特力基纳; 凯尔 奥奎因)', '84', '68');
INSERT INTO `event` VALUES ('1319', '322', '2017103005', '3', '1509326681', '3:48', '0', '5', '0', 'J.R. 史密斯 罚球命中 2罚中第2罚', '84', '69');
INSERT INTO `event` VALUES ('1320', '323', '2017103005', '3', '1509326681', '3:33', '0', '18', '4966', '兰斯 托马斯 两分球进', '86', '69');
INSERT INTO `event` VALUES ('1321', '324', '2017103005', '3', '1509326681', '3:21', '0', '5', '3708', '德维恩 韦德 三分不中', '86', '69');
INSERT INTO `event` VALUES ('1322', '325', '2017103005', '3', '1509326681', '3:19', '0', '18', '0', '考特尼 李 篮板球', '86', '69');
INSERT INTO `event` VALUES ('1323', '326', '2017103005', '3', '1509326681', '3:04', '0', '18', '4966', '兰斯 托马斯 两分不中', '86', '69');
INSERT INTO `event` VALUES ('1324', '327', '2017103005', '3', '1509326681', '3:01', '0', '5', '0', '杰 克洛德 篮板球', '86', '69');
INSERT INTO `event` VALUES ('1325', '328', '2017103005', '3', '1509326681', '2:55', '0', '5', '5068', '杰 克洛德 三分不中', '86', '69');
INSERT INTO `event` VALUES ('1326', '329', '2017103005', '3', '1509326681', '2:50', '0', '18', '0', '凯尔 奥奎因 篮板球', '86', '69');
INSERT INTO `event` VALUES ('1327', '330', '2017103005', '3', '1509326681', '2:40', '0', '18', '0', '弗兰克 恩特力基纳 失误(Out of Bounds)', '86', '69');
INSERT INTO `event` VALUES ('1328', '331', '2017103005', '3', '1509326681', '2:40', '0', '18', '0', '纽约尼克斯 暂停', '86', '69');
INSERT INTO `event` VALUES ('1329', '332', '2017103005', '3', '1509324489', '2:15', '0', '5', '0', '克里夫兰骑士 阵容调整 (杰 克洛德; 杰夫 格林; 勒布朗 詹姆斯; 德维恩 韦德; 凯尔 科沃尔)', '86', '69');
INSERT INTO `event` VALUES ('1330', '333', '2017103005', '3', '1509326681', '2:15', '0', '5', '5068', '杰 克洛德 三分不中', '86', '69');
INSERT INTO `event` VALUES ('1331', '334', '2017103005', '3', '1509326681', '2:12', '0', '18', '0', '考特尼 李 篮板球', '86', '69');
INSERT INTO `event` VALUES ('1332', '335', '2017103005', '3', '1509326875', '2:11', '0', '18', '0', '考特尼 李 失误(Out of Bounds)', '86', '69');
INSERT INTO `event` VALUES ('1333', '336', '2017103005', '3', '1509326682', '2:05', '0', '5', '3754', '凯尔 科沃尔 三分不中', '86', '69');
INSERT INTO `event` VALUES ('1334', '337', '2017103005', '3', '1509326682', '1:53', '0', '5', '3744', '杰夫 格林 两分球进', '86', '71');
INSERT INTO `event` VALUES ('1335', '338', '2017103005', '3', '1509326682', '1:53', '0', '5', '0', '杰夫 格林 篮板球', '86', '71');
INSERT INTO `event` VALUES ('1336', '339', '2017103005', '3', '1509326682', '1:39', '0', '18', '0', '弗兰克 恩特力基纳 三分球进', '89', '71');
INSERT INTO `event` VALUES ('1337', '340', '2017103005', '3', '1509326682', '1:24', '0', '18', '0', '凯尔 奥奎因投篮犯规', '89', '71');
INSERT INTO `event` VALUES ('1338', '341', '2017103005', '3', '1509326682', '1:24', '0', '5', '0', '杰夫 格林 罚球命中 2罚中第1罚', '89', '72');
INSERT INTO `event` VALUES ('1339', '342', '2017103005', '3', '1509326683', '1:24', '0', '5', '0', '杰夫 格林 罚球命中 2罚中第2罚', '89', '73');
INSERT INTO `event` VALUES ('1340', '343', '2017103005', '3', '1509326683', '1:09', '0', '18', '5194', '蒂姆 小哈达威 三分不中', '89', '73');
INSERT INTO `event` VALUES ('1341', '344', '2017103005', '3', '1509326683', '1:06', '0', '5', '0', '杰 克洛德 篮板球', '89', '73');
INSERT INTO `event` VALUES ('1342', '345', '2017103005', '3', '1509326683', '1:01', '0', '5', '3744', '杰夫 格林 三分不中', '89', '73');
INSERT INTO `event` VALUES ('1343', '346', '2017103005', '3', '1509326683', '00:58', '0', '18', '0', '弗兰克 恩特力基纳 篮板球', '89', '73');
INSERT INTO `event` VALUES ('1344', '347', '2017103005', '3', '1509326683', '00:57', '0', '5', '0', '德维恩 韦德投篮犯规', '89', '73');
INSERT INTO `event` VALUES ('1345', '348', '2017103005', '3', '1509326684', '00:57', '0', '18', '0', '蒂姆 小哈达威 罚球命中 2罚中第1罚', '90', '73');
INSERT INTO `event` VALUES ('1346', '349', '2017103005', '3', '1509326684', '00:57', '0', '18', '0', '蒂姆 小哈达威 罚球不中 2罚中第2罚', '90', '73');
INSERT INTO `event` VALUES ('1347', '350', '2017103005', '3', '1509326684', '00:55', '0', '5', '0', '凯尔 科沃尔 篮板球', '90', '73');
INSERT INTO `event` VALUES ('1348', '351', '2017103005', '3', '1509326684', '00:45', '0', '18', '0', '蒂姆 小哈达威 个人犯规', '90', '73');
INSERT INTO `event` VALUES ('1349', '352', '2017103005', '3', '1509326684', '00:45', '0', '5', '0', '凯尔 科沃尔 罚球命中 2罚中第1罚', '90', '74');
INSERT INTO `event` VALUES ('1350', '353', '2017103005', '3', '1509326684', '00:45', '0', '5', '0', '凯尔 科沃尔 罚球命中 2罚中第2罚', '90', '75');
INSERT INTO `event` VALUES ('1351', '354', '2017103005', '3', '1509326684', '00:29', '0', '18', '5083', '凯尔 奥奎因 两分不中', '90', '75');
INSERT INTO `event` VALUES ('1352', '355', '2017103005', '3', '1509326684', '00:26', '0', '18', '0', '兰斯 托马斯 篮板球', '90', '75');
INSERT INTO `event` VALUES ('1353', '356', '2017103005', '3', '1509326684', '00:08', '0', '18', '5194', '蒂姆 小哈达威 两分球进', '92', '75');
INSERT INTO `event` VALUES ('1354', '357', '2017103005', '3', '1509326685', '00:01', '0', '5', '0', '勒布朗 詹姆斯 失误(丢球)', '92', '75');
INSERT INTO `event` VALUES ('1355', '358', '2017103005', '3', '1509326685', '00:00', '0', '18', '0', '弗兰克 恩特力基纳 三分不中', '92', '75');
INSERT INTO `event` VALUES ('1356', '359', '2017103005', '3', '1509326685', '00:00', '0', '18', '0', '纽约尼克斯 篮板球', '92', '75');
INSERT INTO `event` VALUES ('1357', '360', '2017103005', '3', '1509326685', '00:00', '0', '0', '0', '3结束', '92', '75');
INSERT INTO `event` VALUES ('1358', '361', '2017103005', '4', '1509324948', '12:00', '0', '5', '0', '克里夫兰骑士 阵容调整 (杰 克洛德; 凯文 洛夫; 勒布朗 詹姆斯; 德维恩 韦德; 凯尔 科沃尔)', '92', '75');
INSERT INTO `event` VALUES ('1359', '362', '2017103005', '4', '1509326685', '11:38', '0', '18', '4966', '兰斯 托马斯 两分不中', '92', '75');
INSERT INTO `event` VALUES ('1360', '363', '2017103005', '4', '1509326685', '11:35', '0', '5', '0', '凯文 洛夫 篮板球', '92', '75');
INSERT INTO `event` VALUES ('1361', '364', '2017103005', '4', '1509326685', '11:33', '0', '5', '0', '勒布朗 詹姆斯 失误(传球失误)', '92', '75');
INSERT INTO `event` VALUES ('1362', '365', '2017103005', '4', '1509326685', '11:20', '0', '18', '5194', '蒂姆 小哈达威 两分不中', '92', '75');
INSERT INTO `event` VALUES ('1363', '366', '2017103005', '4', '1509326685', '11:17', '0', '5', '0', '德维恩 韦德 篮板球', '92', '75');
INSERT INTO `event` VALUES ('1364', '367', '2017103005', '4', '1509326686', '11:05', '0', '18', '0', '蒂姆 小哈达威 个人犯规', '92', '75');
INSERT INTO `event` VALUES ('1365', '368', '2017103005', '4', '1509326686', '10:54', '0', '18', '0', '考特尼 李 个人犯规', '92', '75');
INSERT INTO `event` VALUES ('1366', '369', '2017103005', '4', '1509325080', '10:48', '0', '18', '0', '纽约尼克斯 阵容调整 (兰斯 托马斯; 蒂姆 小哈达威; 弗兰克 恩特力基纳; 道格 麦克德莫特; 凯尔 奥奎因)', '92', '75');
INSERT INTO `event` VALUES ('1367', '370', '2017103005', '4', '1509326686', '10:48', '0', '18', '0', '弗兰克 恩特力基纳投篮犯规', '92', '75');
INSERT INTO `event` VALUES ('1368', '371', '2017103005', '4', '1509326686', '10:48', '0', '5', '0', '凯文 洛夫 罚球命中 2罚中第1罚', '92', '76');
INSERT INTO `event` VALUES ('1369', '372', '2017103005', '4', '1509326686', '10:48', '0', '5', '0', '凯文 洛夫 罚球命中 2罚中第2罚', '92', '77');
INSERT INTO `event` VALUES ('1370', '373', '2017103005', '4', '1509326686', '10:35', '0', '18', '0', '弗兰克 恩特力基纳 三分不中', '92', '77');
INSERT INTO `event` VALUES ('1371', '374', '2017103005', '4', '1509326687', '10:33', '0', '5', '0', '凯尔 科沃尔 篮板球', '92', '77');
INSERT INTO `event` VALUES ('1372', '375', '2017103005', '4', '1509325179', '10:19', '0', '18', '0', '纽约尼克斯 阵容调整 (兰斯 托马斯; 蒂姆 小哈达威; 弗兰克 恩特力基纳; 道格 麦克德莫特; 克里斯塔普斯 波尔津吉斯)', '92', '77');
INSERT INTO `event` VALUES ('1373', '376', '2017103005', '4', '1509326687', '10:19', '0', '5', '0', '跳球勒布朗 詹姆斯 vs 兰斯 托马斯, (杰 克洛德) gains possession)', '92', '77');
INSERT INTO `event` VALUES ('1374', '377', '2017103005', '4', '1509326687', '10:14', '0', '5', '3754', '凯尔 科沃尔 三分球进', '92', '80');
INSERT INTO `event` VALUES ('1375', '378', '2017103005', '4', '1509326687', '9:57', '0', '18', '0', '克里斯塔普斯 波尔津吉斯 失误(丢球)', '92', '80');
INSERT INTO `event` VALUES ('1376', '379', '2017103005', '4', '1509326687', '9:52', '0', '5', '0', '杰 克洛德 失误(传球失误)', '92', '80');
INSERT INTO `event` VALUES ('1377', '380', '2017103005', '4', '1509326688', '9:46', '0', '18', '5194', '蒂姆 小哈达威 三分不中', '92', '80');
INSERT INTO `event` VALUES ('1378', '381', '2017103005', '4', '1509326688', '9:43', '0', '5', '0', '勒布朗 詹姆斯 篮板球', '92', '80');
INSERT INTO `event` VALUES ('1379', '382', '2017103005', '4', '1509326688', '9:40', '0', '18', '0', '克里斯塔普斯 波尔津吉斯投篮犯规', '92', '80');
INSERT INTO `event` VALUES ('1380', '383', '2017103005', '4', '1509326688', '9:40', '0', '5', '0', '杰 克洛德 罚球命中 2罚中第1罚', '92', '81');
INSERT INTO `event` VALUES ('1381', '384', '2017103005', '4', '1509325268', '9:40', '0', '18', '0', '纽约尼克斯 阵容调整 (兰斯 托马斯; 蒂姆 小哈达威; 道格 麦克德莫特; 贾勒特 杰克; 克里斯塔普斯 波尔津吉斯)', '92', '81');
INSERT INTO `event` VALUES ('1382', '385', '2017103005', '4', '1509326688', '9:40', '0', '5', '0', '杰 克洛德 罚球命中 2罚中第2罚', '92', '82');
INSERT INTO `event` VALUES ('1383', '386', '2017103005', '4', '1509326688', '9:25', '0', '5', '0', '凯文 洛夫投篮犯规', '92', '82');
INSERT INTO `event` VALUES ('1384', '387', '2017103005', '4', '1509326688', '9:25', '0', '18', '0', '蒂姆 小哈达威 罚球命中 2罚中第1罚', '93', '82');
INSERT INTO `event` VALUES ('1385', '388', '2017103005', '4', '1509325334', '9:25', '0', '18', '0', '纽约尼克斯 阵容调整 (蒂姆 小哈达威; 埃内斯 坎特; 道格 麦克德莫特; 贾勒特 杰克; 克里斯塔普斯 波尔津吉斯)', '93', '82');
INSERT INTO `event` VALUES ('1386', '389', '2017103005', '4', '1509326688', '9:25', '0', '18', '0', '蒂姆 小哈达威 罚球命中 2罚中第2罚', '94', '82');
INSERT INTO `event` VALUES ('1387', '390', '2017103005', '4', '1509326689', '9:15', '0', '5', '3754', '凯尔 科沃尔 三分球进', '94', '85');
INSERT INTO `event` VALUES ('1388', '391', '2017103005', '4', '1509326689', '8:50', '0', '18', '5464', '克里斯塔普斯 波尔津吉斯 两分不中', '94', '85');
INSERT INTO `event` VALUES ('1389', '392', '2017103005', '4', '1509326689', '8:46', '0', '5', '0', '凯尔 科沃尔 篮板球', '94', '85');
INSERT INTO `event` VALUES ('1390', '393', '2017103005', '4', '1509326689', '8:42', '0', '18', '0', '道格 麦克德莫特 个人犯规', '94', '85');
INSERT INTO `event` VALUES ('1391', '394', '2017103005', '4', '1509326689', '8:42', '0', '5', '0', '凯文 洛夫 罚球不中 2罚中第1罚', '94', '85');
INSERT INTO `event` VALUES ('1392', '395', '2017103005', '4', '1509326689', '8:42', '0', '5', '0', '克里夫兰骑士 篮板球', '94', '85');
INSERT INTO `event` VALUES ('1393', '396', '2017103005', '4', '1509325436', '8:42', '0', '18', '0', '纽约尼克斯 阵容调整 (考特尼 李; 蒂姆 小哈达威; 埃内斯 坎特; 贾勒特 杰克; 克里斯塔普斯 波尔津吉斯)', '94', '85');
INSERT INTO `event` VALUES ('1394', '397', '2017103005', '4', '1509326689', '8:42', '0', '5', '0', '凯文 洛夫 罚球命中 2罚中第2罚', '94', '86');
INSERT INTO `event` VALUES ('1395', '398', '2017103005', '4', '1509326689', '8:32', '0', '18', '3948', '贾勒特 杰克 两分不中', '94', '86');
INSERT INTO `event` VALUES ('1396', '399', '2017103005', '4', '1509326689', '8:28', '0', '5', '0', '凯文 洛夫 篮板球', '94', '86');
INSERT INTO `event` VALUES ('1397', '400', '2017103005', '4', '1509326690', '8:20', '0', '5', '3704', '勒布朗 詹姆斯 两分球进', '94', '88');
INSERT INTO `event` VALUES ('1398', '401', '2017103005', '4', '1509326878', '8:20', '0', '18', '0', '纽约尼克斯 暂停', '94', '88');
INSERT INTO `event` VALUES ('1399', '402', '2017103005', '4', '1509326690', '8:06', '0', '18', '5194', '蒂姆 小哈达威 两分不中', '94', '88');
INSERT INTO `event` VALUES ('1400', '403', '2017103005', '4', '1509326690', '8:02', '0', '5', '0', '杰 克洛德 篮板球', '94', '88');
INSERT INTO `event` VALUES ('1401', '404', '2017103005', '4', '1509326690', '7:52', '0', '5', '3708', '德维恩 韦德 两分不中', '94', '88');
INSERT INTO `event` VALUES ('1402', '405', '2017103005', '4', '1509326690', '7:50', '0', '18', '0', '考特尼 李 篮板球', '94', '88');
INSERT INTO `event` VALUES ('1403', '406', '2017103005', '4', '1509326690', '7:33', '0', '18', '4484', '考特尼 李 两分球进', '96', '88');
INSERT INTO `event` VALUES ('1404', '407', '2017103005', '4', '1509326690', '7:08', '0', '5', '3704', '勒布朗 詹姆斯 两分不中', '96', '88');
INSERT INTO `event` VALUES ('1405', '408', '2017103005', '4', '1509326690', '7:06', '0', '18', '0', '考特尼 李 篮板球', '96', '88');
INSERT INTO `event` VALUES ('1406', '409', '2017103005', '4', '1509326690', '6:55', '0', '18', '5464', '克里斯塔普斯 波尔津吉斯 两分不中', '96', '88');
INSERT INTO `event` VALUES ('1407', '410', '2017103005', '4', '1509326691', '6:55', '0', '18', '0', '埃内斯 坎特 篮板球', '96', '88');
INSERT INTO `event` VALUES ('1408', '411', '2017103005', '4', '1509326691', '6:55', '0', '5', '0', '凯尔 科沃尔投篮犯规', '96', '88');
INSERT INTO `event` VALUES ('1409', '412', '2017103005', '4', '1509326691', '6:55', '0', '18', '0', '埃内斯 坎特 罚球命中 2罚中第1罚', '97', '88');
INSERT INTO `event` VALUES ('1410', '413', '2017103005', '4', '1509325785', '6:55', '0', '5', '0', '克里夫兰骑士 阵容调整 (杰 克洛德; 凯文 洛夫; 勒布朗 詹姆斯; 德里克 罗斯; 凯尔 科沃尔)', '97', '88');
INSERT INTO `event` VALUES ('1411', '414', '2017103005', '4', '1509326691', '6:55', '0', '18', '0', '埃内斯 坎特 罚球命中 2罚中第2罚', '98', '88');
INSERT INTO `event` VALUES ('1412', '415', '2017103005', '4', '1509326691', '6:40', '0', '5', '0', '德里克 罗斯 失误(Out of Bounds)', '98', '88');
INSERT INTO `event` VALUES ('1413', '416', '2017103005', '4', '1509326691', '6:21', '0', '18', '5464', '克里斯塔普斯 波尔津吉斯 两分不中', '98', '88');
INSERT INTO `event` VALUES ('1414', '417', '2017103005', '4', '1509326691', '6:19', '0', '5', '0', '凯文 洛夫 篮板球', '98', '88');
INSERT INTO `event` VALUES ('1415', '418', '2017103005', '4', '1509326691', '6:13', '0', '5', '5068', '杰 克洛德 三分不中', '98', '88');
INSERT INTO `event` VALUES ('1416', '419', '2017103005', '4', '1509326691', '6:13', '0', '18', '0', '埃内斯 坎特 篮板球', '98', '88');
INSERT INTO `event` VALUES ('1417', '420', '2017103005', '4', '1509326692', '6:06', '0', '18', '4484', '考特尼 李 三分球进', '101', '88');
INSERT INTO `event` VALUES ('1418', '421', '2017103005', '4', '1509326692', '6:05', '0', '5', '0', '克里夫兰骑士 暂停', '101', '88');
INSERT INTO `event` VALUES ('1419', '422', '2017103005', '4', '1509326034', '5:58', '0', '5', '0', '克里夫兰骑士 阵容调整 (J.R. 史密斯; 凯文 洛夫; 勒布朗 詹姆斯; 德里克 罗斯; 凯尔 科沃尔)', '101', '88');
INSERT INTO `event` VALUES ('1420', '423', '2017103005', '4', '1509326692', '5:58', '0', '5', '3754', '凯尔 科沃尔 三分不中', '101', '88');
INSERT INTO `event` VALUES ('1421', '424', '2017103005', '4', '1509326692', '5:55', '0', '18', '0', '考特尼 李 篮板球', '101', '88');
INSERT INTO `event` VALUES ('1422', '425', '2017103005', '4', '1509326692', '5:42', '0', '18', '4899', '埃内斯 坎特 两分球进', '103', '88');
INSERT INTO `event` VALUES ('1423', '426', '2017103005', '4', '1509326692', '5:27', '0', '5', '0', '凯文 洛夫 失误(传球失误)', '103', '88');
INSERT INTO `event` VALUES ('1424', '427', '2017103005', '4', '1509326692', '5:16', '0', '18', '3948', '贾勒特 杰克 两分不中', '103', '88');
INSERT INTO `event` VALUES ('1425', '428', '2017103005', '4', '1509326693', '5:12', '0', '5', '0', '勒布朗 詹姆斯 篮板球', '103', '88');
INSERT INTO `event` VALUES ('1426', '429', '2017103005', '4', '1509326693', '5:06', '0', '5', '4387', '德里克 罗斯 三分不中', '103', '88');
INSERT INTO `event` VALUES ('1427', '430', '2017103005', '4', '1509326693', '5:02', '0', '18', '0', '克里斯塔普斯 波尔津吉斯 篮板球', '103', '88');
INSERT INTO `event` VALUES ('1428', '431', '2017103005', '4', '1509326693', '4:43', '0', '18', '5464', '克里斯塔普斯 波尔津吉斯 两分不中', '103', '88');
INSERT INTO `event` VALUES ('1429', '432', '2017103005', '4', '1509326693', '4:38', '0', '5', '0', '勒布朗 詹姆斯 篮板球', '103', '88');
INSERT INTO `event` VALUES ('1430', '433', '2017103005', '4', '1509326693', '4:32', '0', '5', '4387', '德里克 罗斯 两分不中', '103', '88');
INSERT INTO `event` VALUES ('1431', '434', '2017103005', '4', '1509326693', '4:32', '0', '5', '0', '克里夫兰骑士 篮板球', '103', '88');
INSERT INTO `event` VALUES ('1432', '435', '2017103005', '4', '1509326693', '4:32', '0', '18', '0', '克里斯塔普斯 波尔津吉斯 个人犯规', '103', '88');
INSERT INTO `event` VALUES ('1433', '436', '2017103005', '4', '1509326693', '4:32', '0', '5', '0', '凯文 洛夫 罚球命中 2罚中第1罚', '103', '89');
INSERT INTO `event` VALUES ('1434', '437', '2017103005', '4', '1509326694', '4:32', '0', '5', '0', '凯文 洛夫 罚球命中 2罚中第2罚', '103', '90');
INSERT INTO `event` VALUES ('1435', '438', '2017103005', '4', '1509326694', '4:24', '0', '5', '0', 'J.R. 史密斯 个人犯规', '103', '90');
INSERT INTO `event` VALUES ('1436', '439', '2017103005', '4', '1509326694', '4:13', '0', '18', '5464', '克里斯塔普斯 波尔津吉斯 两分不中', '103', '90');
INSERT INTO `event` VALUES ('1437', '440', '2017103005', '4', '1509326694', '4:11', '0', '5', '0', '凯文 洛夫 篮板球', '103', '90');
INSERT INTO `event` VALUES ('1438', '441', '2017103005', '4', '1509326694', '4:03', '0', '5', '3754', '凯尔 科沃尔 三分球进', '103', '93');
INSERT INTO `event` VALUES ('1439', '442', '2017103005', '4', '1509326694', '3:41', '0', '18', '5464', '克里斯塔普斯 波尔津吉斯 三分球进', '106', '93');
INSERT INTO `event` VALUES ('1440', '443', '2017103005', '4', '1509326694', '3:24', '0', '5', '0', 'J.R. 史密斯 三分不中', '106', '93');
INSERT INTO `event` VALUES ('1441', '444', '2017103005', '4', '1509326695', '3:21', '0', '5', '0', '凯文 洛夫 篮板球', '106', '93');
INSERT INTO `event` VALUES ('1442', '445', '2017103005', '4', '1509326695', '3:21', '0', '0', '0', 'Stoppage (Out of bounds)', '106', '93');
INSERT INTO `event` VALUES ('1443', '446', '2017103005', '4', '1509326695', '3:21', '0', '5', '0', '克里夫兰骑士 暂停', '106', '93');
INSERT INTO `event` VALUES ('1444', '447', '2017103005', '4', '1509326695', '3:12', '0', '5', '4387', '德里克 罗斯 两分不中', '106', '93');
INSERT INTO `event` VALUES ('1445', '448', '2017103005', '4', '1509326695', '3:12', '0', '5', '0', '克里夫兰骑士 篮板球', '106', '93');
INSERT INTO `event` VALUES ('1446', '449', '2017103005', '4', '1509326695', '3:12', '0', '0', '0', 'Stoppage (Out of bounds)', '106', '93');
INSERT INTO `event` VALUES ('1447', '450', '2017103005', '4', '1509326695', '3:10', '0', '5', '0', '德里克 罗斯 失误(传球失误)', '106', '93');
INSERT INTO `event` VALUES ('1448', '451', '2017103005', '4', '1509326695', '2:47', '0', '18', '5464', '克里斯塔普斯 波尔津吉斯 两分球进', '108', '93');
INSERT INTO `event` VALUES ('1449', '452', '2017103005', '4', '1509326695', '2:38', '0', '5', '0', 'J.R. 史密斯 两分不中', '108', '93');
INSERT INTO `event` VALUES ('1450', '453', '2017103005', '4', '1509326696', '2:35', '0', '18', '0', '贾勒特 杰克 篮板球', '108', '93');
INSERT INTO `event` VALUES ('1451', '454', '2017103005', '4', '1509326696', '2:21', '0', '18', '5464', '克里斯塔普斯 波尔津吉斯 三分球进', '111', '93');
INSERT INTO `event` VALUES ('1452', '455', '2017103005', '4', '1509326696', '2:13', '0', '0', '0', 'Stoppage (Out of bounds)', '111', '93');
INSERT INTO `event` VALUES ('1453', '456', '2017103005', '4', '1509326696', '1:53', '0', '5', '0', 'J.R. 史密斯 三分不中', '111', '93');
INSERT INTO `event` VALUES ('1454', '457', '2017103005', '4', '1509326696', '1:49', '0', '18', '0', '考特尼 李 篮板球', '111', '93');
INSERT INTO `event` VALUES ('1455', '458', '2017103005', '4', '1509326696', '1:44', '0', '5', '0', '勒布朗 詹姆斯 个人犯规', '111', '93');
INSERT INTO `event` VALUES ('1456', '459', '2017103005', '4', '1509326504', '1:44', '0', '18', '0', '纽约尼克斯 阵容调整 (兰斯 托马斯; 弗兰克 恩特力基纳; 道格 麦克德莫特; 凯尔 奥奎因; 贾勒特 杰克)', '111', '93');
INSERT INTO `event` VALUES ('1457', '460', '2017103005', '4', '1509326504', '1:44', '0', '5', '0', '克里夫兰骑士 阵容调整 (德里克 罗斯; 何塞 卡尔德隆; 钱宁 弗莱; 凯尔 科沃尔; 赛迪 奥斯曼)', '111', '93');
INSERT INTO `event` VALUES ('1458', '461', '2017103005', '4', '1509326696', '1:35', '0', '18', '0', '凯尔 奥奎因 进攻犯规', '111', '93');
INSERT INTO `event` VALUES ('1459', '462', '2017103005', '4', '1509326697', '1:35', '0', '18', '0', '凯尔 奥奎因 失误(Turnover)', '111', '93');
INSERT INTO `event` VALUES ('1460', '463', '2017103005', '4', '1509326697', '1:20', '0', '5', '0', '赛迪 奥斯曼 两分不中', '111', '93');
INSERT INTO `event` VALUES ('1461', '464', '2017103005', '4', '1509326697', '1:16', '0', '18', '0', '凯尔 奥奎因 篮板球', '111', '93');
INSERT INTO `event` VALUES ('1462', '465', '2017103005', '4', '1509326697', '1:03', '0', '18', '4966', '兰斯 托马斯 三分球进', '114', '93');
INSERT INTO `event` VALUES ('1463', '466', '2017103005', '4', '1509326697', '00:42', '0', '5', '4387', '德里克 罗斯 两分球进', '114', '95');
INSERT INTO `event` VALUES ('1464', '467', '2017103005', '4', '1509326697', '00:27', '0', '18', '5083', '凯尔 奥奎因 两分不中', '114', '95');
INSERT INTO `event` VALUES ('1465', '468', '2017103005', '4', '1509326697', '00:23', '0', '5', '0', '凯尔 科沃尔 篮板球', '114', '95');
INSERT INTO `event` VALUES ('1466', '469', '2017103005', '4', '1509326697', '00:13', '0', '5', '3934', '钱宁 弗莱 三分不中', '114', '95');
INSERT INTO `event` VALUES ('1467', '470', '2017103005', '4', '1509326698', '00:09', '0', '18', '0', '贾勒特 杰克 篮板球', '114', '95');
INSERT INTO `event` VALUES ('1468', '471', '2017103005', '4', '1509326698', '00:03', '0', '18', '0', '凯尔 奥奎因 失误(走步违例)', '114', '95');
INSERT INTO `event` VALUES ('1469', '472', '2017103005', '4', '1509326698', '00:00', '0', '0', '0', '4结束', '114', '95');

-- ----------------------------
-- Table structure for match
-- ----------------------------
DROP TABLE IF EXISTS `match`;
CREATE TABLE `match` (
  `id` int(11) NOT NULL AUTO_INCREMENT,
  `type` varchar(255) DEFAULT NULL,
  `beginTime` datetime DEFAULT NULL ON UPDATE CURRENT_TIMESTAMP,
  `endTime` datetime DEFAULT NULL ON UPDATE CURRENT_TIMESTAMP,
  `guestteam` int(11) DEFAULT NULL,
  `hostteam` int(11) DEFAULT NULL,
  `guestscore` int(11) DEFAULT NULL,
  `hostscore` int(11) DEFAULT NULL,
  PRIMARY KEY (`id`)
) ENGINE=MyISAM AUTO_INCREMENT=2017103006 DEFAULT CHARSET=utf8;

-- ----------------------------
-- Records of match
-- ----------------------------
INSERT INTO `match` VALUES ('2017103005', null, '2017-10-30 07:00:00', null, '18', '5', '114', '95');

-- ----------------------------
-- Table structure for person
-- ----------------------------
DROP TABLE IF EXISTS `person`;
CREATE TABLE `person` (
  `id` int(11) NOT NULL AUTO_INCREMENT,
  `name` varchar(255) DEFAULT NULL,
  `belong_team` varchar(255) DEFAULT NULL,
  PRIMARY KEY (`id`)
) ENGINE=MyISAM AUTO_INCREMENT=5465 DEFAULT CHARSET=utf8;

-- ----------------------------
-- Records of person
-- ----------------------------
INSERT INTO `person` VALUES ('4391', '凯文 洛夫', null);
INSERT INTO `person` VALUES ('5464', '克里斯塔普斯 波尔津吉斯', null);
INSERT INTO `person` VALUES ('4484', '考特尼 李', null);
INSERT INTO `person` VALUES ('4387', '德里克 罗斯', null);
INSERT INTO `person` VALUES ('3948', '贾勒特 杰克', null);
INSERT INTO `person` VALUES ('4899', '埃内斯 坎特', null);
INSERT INTO `person` VALUES ('5194', '蒂姆 小哈达威', null);
INSERT INTO `person` VALUES ('3704', '勒布朗 詹姆斯', null);
INSERT INTO `person` VALUES ('3744', '杰夫 格林', null);
INSERT INTO `person` VALUES ('3754', '凯尔 科沃尔', null);
INSERT INTO `person` VALUES ('3708', '德维恩 韦德', null);
INSERT INTO `person` VALUES ('5068', '杰 克洛德', null);
INSERT INTO `person` VALUES ('5322', '道格 麦克德莫特', null);
INSERT INTO `person` VALUES ('4884', '特里斯坦 汤普森', null);
INSERT INTO `person` VALUES ('4966', '兰斯 托马斯', null);
INSERT INTO `person` VALUES ('5083', '凯尔 奥奎因', null);
INSERT INTO `person` VALUES ('3934', '钱宁 弗莱', null);

-- ----------------------------
-- Table structure for team
-- ----------------------------
DROP TABLE IF EXISTS `team`;
CREATE TABLE `team` (
  `id` int(11) NOT NULL AUTO_INCREMENT,
  `name` varchar(255) DEFAULT NULL,
  PRIMARY KEY (`id`)
) ENGINE=MyISAM AUTO_INCREMENT=19 DEFAULT CHARSET=utf8;

-- ----------------------------
-- Records of team
-- ----------------------------
INSERT INTO `team` VALUES ('18', '尼克斯');
INSERT INTO `team` VALUES ('5', '骑士');

-- ----------------------------
-- Table structure for template
-- ----------------------------
DROP TABLE IF EXISTS `template`;
CREATE TABLE `template` (
  `id` int(11) NOT NULL AUTO_INCREMENT,
  `pattern` varchar(255) DEFAULT NULL,
  `type` int(255) DEFAULT NULL,
  PRIMARY KEY (`id`)
) ENGINE=MyISAM DEFAULT CHARSET=utf8;

-- ----------------------------
-- Records of template
-- ----------------------------
